{
  "project_info": {
    "project_number": "578404048872",
    "project_id": "trivia-7bba3",
    "storage_bucket": "trivia-7bba3.firebasestorage.app"
  },
  "client": [
    {
      "client_info": {
        "mobilesdk_app_id": "1:578404048872:android:3660f01ee917225568ce5d",
        "android_client_info": {
          "package_name": "com.example.dailytriivvia"
        }
      },
      "oauth_client": [],
      "api_key": [
        {
          "current_key": "AIzaSyA9WgOIr90QAUGMX683fPCSRKr2Ihy4BdY"
        }
      ],
      "services": {
        "appinvite_service": {
          "other_platform_oauth_client": []
        }
      }
    }
  ],
  "configuration_version": "1"
}